{"IcoMoonType":"selection","icons":[{"icon":{"paths":["M192 0h896c105.6 0 192 86.4 192 192v640c0 105.6-86.4 192-192 192h-896c-105.6 0-192-86.4-192-192v-640c0-105.6 86.4-192 192-192zM385.728 256.128v511.744l575.168-255.872-575.168-255.872z"],"attrs":[{"fill":"rgb(255, 255, 255)"}],"width":1280,"isMulticolor":false,"isMulticolor2":false,"grid":0,"tags":["youtube"]},"attrs":[{"fill":"rgb(255, 255, 255)"}],"properties":{"order":6,"id":0,"name":"youtube","prevSize":32,"code":59648},"setIdx":0,"setId":2,"iconIdx":0}],"height":1024,"metadata":{"name":"icomoon"},"preferences":{"showGlyphs":true,"showQuickUse":true,"showQuickUse2":true,"showSVGs":true,"fontPref":{"prefix":"icon-","metadata":{"fontFamily":"icomoon"},"metrics":{"emSize":1024,"baseline":6.25,"whitespace":50},"embed":false},"imagePref":{"prefix":"icon-","png":true,"useClassSelector":true,"color":0,"bgColor":16777215,"classSelector":".icon"},"historySize":50,"showCodes":true,"gridSize":16}}